[
  {
    "id": "87bb2bc8-1101-4de5-9c7d-088805054542",
    "data": [
      {
        "text": "15",
        "alias": "number",
        "meta": "@sys.number",
        "userDefined": false
      },
      {
        "text": " / ",
        "userDefined": false
      },
      {
        "text": "5",
        "alias": "number1",
        "meta": "@sys.number",
        "userDefined": false
      }
    ],
    "isTemplate": false,
    "count": 1
  },
  {
    "id": "ae9aa188-c303-4beb-8f39-c7fef4ede392",
    "data": [
      {
        "text": "4",
        "alias": "number",
        "meta": "@sys.number",
        "userDefined": false
      },
      {
        "text": " dividido por ",
        "userDefined": false
      },
      {
        "text": "4",
        "alias": "number1",
        "meta": "@sys.number",
        "userDefined": false
      }
    ],
    "isTemplate": false,
    "count": 0
  },
  {
    "id": "51541c3c-d0d3-4bec-9ce7-53c056496770",
    "data": [
      {
        "text": "10",
        "alias": "number",
        "meta": "@sys.number",
        "userDefined": false
      },
      {
        "text": " entre ",
        "userDefined": false
      },
      {
        "text": "2",
        "alias": "number1",
        "meta": "@sys.number",
        "userDefined": false
      }
    ],
    "isTemplate": false,
    "count": 0
  }
]