[
  {
    "id": "d7501da1-8874-447e-82bb-a71bf162ba77",
    "data": [
      {
        "text": "7",
        "alias": "number",
        "meta": "@sys.number",
        "userDefined": true
      },
      {
        "text": " por ",
        "userDefined": false
      },
      {
        "text": "8",
        "alias": "number1",
        "meta": "@sys.number",
        "userDefined": true
      }
    ],
    "isTemplate": false,
    "count": 1
  },
  {
    "id": "12fccad7-61b2-4f85-9f09-d78f56138c8e",
    "data": [
      {
        "text": "¿cuánto es ",
        "userDefined": false
      },
      {
        "text": "4",
        "alias": "number",
        "meta": "@sys.number",
        "userDefined": false
      },
      {
        "text": " por ",
        "userDefined": false
      },
      {
        "text": "6",
        "alias": "number1",
        "meta": "@sys.number",
        "userDefined": false
      },
      {
        "text": "?",
        "userDefined": false
      }
    ],
    "isTemplate": false,
    "count": 0
  },
  {
    "id": "7cd168b3-bf98-44ac-af4f-eccc5322dbbc",
    "data": [
      {
        "text": "multiplica ",
        "userDefined": false
      },
      {
        "text": "4",
        "alias": "number",
        "meta": "@sys.number",
        "userDefined": false
      },
      {
        "text": " * ",
        "userDefined": false
      },
      {
        "text": "3",
        "alias": "number1",
        "meta": "@sys.number",
        "userDefined": false
      }
    ],
    "isTemplate": false,
    "count": 0
  },
  {
    "id": "98134273-6f0f-4692-a08d-7fb8904cc2e8",
    "data": [
      {
        "text": "2",
        "alias": "number",
        "meta": "@sys.number",
        "userDefined": false
      },
      {
        "text": " * ",
        "userDefined": false
      },
      {
        "text": "2",
        "alias": "number1",
        "meta": "@sys.number",
        "userDefined": false
      }
    ],
    "isTemplate": false,
    "count": 0,
    "updated": 1510055174
  }
]