[
  {
    "id": "98ccff7a-95ad-4de8-8048-701f46e70767",
    "data": [
      {
        "text": "¿cuánto es ",
        "userDefined": false
      },
      {
        "text": "8",
        "alias": "number",
        "meta": "@sys.number",
        "userDefined": true
      },
      {
        "text": " más ",
        "userDefined": false
      },
      {
        "text": "3",
        "alias": "number1",
        "meta": "@sys.number",
        "userDefined": true
      },
      {
        "text": "?",
        "userDefined": false
      }
    ],
    "isTemplate": false,
    "count": 0,
    "updated": 1510131821
  },
  {
    "id": "47a51c25-dd2f-444e-aec7-89b238e74e96",
    "data": [
      {
        "text": "9",
        "alias": "number",
        "meta": "@sys.number",
        "userDefined": true
      },
      {
        "text": " + ",
        "userDefined": false
      },
      {
        "text": "7",
        "alias": "number1",
        "meta": "@sys.number",
        "userDefined": true
      }
    ],
    "isTemplate": false,
    "count": 0,
    "updated": 1510131821
  },
  {
    "id": "32c9ce9f-9fc2-482b-9964-1f34d7d0ff7e",
    "data": [
      {
        "text": "4",
        "alias": "number",
        "meta": "@sys.number",
        "userDefined": false
      },
      {
        "text": " más ",
        "userDefined": false
      },
      {
        "text": "4",
        "alias": "number1",
        "meta": "@sys.number",
        "userDefined": false
      }
    ],
    "isTemplate": false,
    "count": 0,
    "updated": 1510131821
  }
]