[
  {
    "id": "193d684c-045d-4bba-9014-07b8ba74acec",
    "data": [
      {
        "text": "resta ",
        "userDefined": false
      },
      {
        "text": "5",
        "alias": "number",
        "meta": "@sys.number",
        "userDefined": false
      },
      {
        "text": " menos ",
        "userDefined": false
      },
      {
        "text": "2",
        "alias": "number1",
        "meta": "@sys.number",
        "userDefined": false
      }
    ],
    "isTemplate": false,
    "count": 1,
    "updated": 1510132354
  },
  {
    "id": "3a076dda-afa4-4b3f-9beb-38a613d22540",
    "data": [
      {
        "text": "¿cuánto es ",
        "userDefined": false
      },
      {
        "text": "4",
        "alias": "number",
        "meta": "@sys.number",
        "userDefined": false
      },
      {
        "text": " - ",
        "userDefined": false
      },
      {
        "text": "2",
        "alias": "number1",
        "meta": "@sys.number",
        "userDefined": false
      },
      {
        "text": "?",
        "userDefined": false
      }
    ],
    "isTemplate": false,
    "count": 0,
    "updated": 1510132354
  },
  {
    "id": "2fa19b15-2265-4afd-a9e6-942106314430",
    "data": [
      {
        "text": "9",
        "alias": "number",
        "meta": "@sys.number",
        "userDefined": false
      },
      {
        "text": " menos ",
        "userDefined": false
      },
      {
        "text": "3",
        "alias": "number1",
        "meta": "@sys.number",
        "userDefined": false
      }
    ],
    "isTemplate": false,
    "count": 0,
    "updated": 1510132354
  },
  {
    "id": "b2f1cbb8-d774-4ee0-9c8a-6b52726bc289",
    "data": [
      {
        "text": "4",
        "alias": "number",
        "meta": "@sys.number",
        "userDefined": false
      },
      {
        "text": " - ",
        "userDefined": false
      },
      {
        "text": "2",
        "alias": "number1",
        "meta": "@sys.number",
        "userDefined": false
      }
    ],
    "isTemplate": false,
    "count": 0,
    "updated": 1510132354
  }
]