[
  {
    "id": "303e9c40-bb00-4392-b818-d5d07d257f54",
    "data": [
      {
        "text": "¿quién eres?",
        "userDefined": false
      }
    ],
    "isTemplate": false,
    "count": 0
  },
  {
    "id": "eeef23b9-48ee-47b4-8f82-177a8795d8d2",
    "data": [
      {
        "text": "¡Hola! ¿Qué tal?",
        "userDefined": false
      }
    ],
    "isTemplate": false,
    "count": 1
  },
  {
    "id": "cd26fc19-2dc9-4534-bc53-b53608d43a21",
    "data": [
      {
        "text": "¡Hola!",
        "userDefined": false
      }
    ],
    "isTemplate": false,
    "count": 0
  }
]